tracking_number,delivery_instructions,trans_id
581-6200,ring bell,AAA-067232
004-1482,delivery box,AAC-152328
064-9023,ring bell,AAD-850184
657-4120,leave infront of door,AAR-680860
983-4613,ring bell,AAT-296188
208-3490,ring bell,AAV-811597
172-2052,ring bell,ACB-036791
113-3978,delivery box,ADY-359478
172-9056,ring bell,AEA-169713
897-2385,leave infront of door,AEI-273727
719-5004,delivery box,AFM-985663
587-5127,leave infront of door,AFN-245489
019-0043,delivery box,AFS-413553
780-5473,ring bell,AGB-842871
830-2529,delivery box,AGQ-729452
493-1085,leave infront of door,AGR-178688
981-5970,leave infront of door,AGW-689163
321-9847,ring bell,AHF-862697
269-0200,leave infront of door,AHK-769090
650-9530,delivery box,AIL-403072
974-2849,delivery box,AIV-790804
817-6468,ring bell,AKF-133977
500-7996,leave infront of door,ALB-712427
490-6323,delivery box,AMD-684067
249-1390,leave infront of door,APX-395541
135-0278,leave infront of door,ATK-560503
737-1492,delivery box,AUP-748808
189-4916,leave infront of door,AVW-602635
730-9927,delivery box,AWE-871063
666-9412,ring bell,AWG-744719
317-2623,delivery box,AWK-892198
687-4406,ring bell,AYQ-848230
225-6889,leave infront of door,AZK-912102
690-6456,delivery box,AZZ-957686
614-9042,leave infront of door,BAE-592296
980-6544,ring bell,BCQ-361128
990-0217,delivery box,BFG-852298
914-6984,delivery box,BFO-083439
056-2374,ring bell,BFU-700232
425-0566,delivery box,BGX-889149
809-2652,leave infront of door,BHC-757873
526-6218,delivery box,BHI-730137
288-4276,delivery box,BHS-479486
084-8071,delivery box,BMH-758804
300-0288,ring bell,BMR-466277
647-5776,leave infront of door,BNB-931640
337-7512,delivery box,BNO-535441
172-5325,ring bell,BNO-913345
049-7350,ring bell,BOC-429866
563-0809,delivery box,BRJ-095063
071-3189,delivery box,BSM-920211
912-0351,delivery box,BTY-178739
778-3217,leave infront of door,BUJ-908319
476-0913,delivery box,BVO-196114
180-6166,delivery box,BWG-666487
201-8509,delivery box,BWI-473777
415-8316,delivery box,BWJ-890438
257-5947,leave infront of door,BWQ-405015
870-6232,leave infront of door,BXD-739047
533-6275,leave infront of door,BXQ-248482
998-7355,ring bell,BYK-044891
002-4909,ring bell,BYL-883581
361-4462,delivery box,BYN-067360
703-6844,leave infront of door,CBH-104289
937-3160,ring bell,CCV-957017
402-0686,delivery box,CDG-552933
269-9057,leave infront of door,CDR-762500
215-7031,leave infront of door,CEL-404470
348-1340,leave infront of door,CGA-460235
409-3993,delivery box,CGQ-329948
918-0426,ring bell,CHJ-683430
037-5562,leave infront of door,CHP-171033
713-2252,ring bell,CID-253726
523-2931,ring bell,CIK-930651
431-5578,ring bell,CJK-014124
677-3857,delivery box,CJR-275106
146-4322,ring bell,CKM-548290
478-6325,delivery box,CKS-651597
893-9794,ring bell,CLG-348239
494-1960,delivery box,CMM-649694
248-2284,delivery box,CMN-526236
337-7498,delivery box,CNC-609407
438-1081,ring bell,CNL-951331
484-4811,delivery box,CNR-319085
399-4142,ring bell,COL-747369
939-6695,ring bell,CPC-861391
467-7806,delivery box,CPV-780679
411-3581,delivery box,CQN-646265
380-9999,delivery box,CRK-568720
511-8371,leave infront of door,CRX-311676
547-9516,leave infront of door,CSJ-414604
732-9855,ring bell,CSJ-896448
535-5866,delivery box,CUK-830807
653-6323,leave infront of door,CVV-322631
289-8856,ring bell,CWU-632695
626-2864,leave infront of door,CXD-732452
931-9472,delivery box,CYE-933182
269-7911,delivery box,CYG-484504
123-2676,ring bell,CYZ-089646
484-4536,leave infront of door,CZX-053216
409-5757,ring bell,DAA-057358
622-6855,leave infront of door,DBL-565303
673-0593,delivery box,DBM-921837
104-1609,ring bell,DBQ-583786
063-4908,leave infront of door,DBV-344517
020-9431,leave infront of door,DCW-290900
685-1682,delivery box,DDE-026945
879-1284,delivery box,DET-016141
545-5529,ring bell,DFH-826699
996-4693,ring bell,DFI-265197
762-0563,ring bell,DGA-006905
343-6439,ring bell,DGH-273685
413-5624,leave infront of door,DGL-052771
453-3452,delivery box,DIP-742540
087-4882,ring bell,DIQ-716665
214-3773,delivery box,DIS-603996
556-3124,delivery box,DJP-940258
827-1826,delivery box,DKN-024499
213-1393,delivery box,DKU-027731
980-9087,ring bell,DLJ-237256
250-0328,delivery box,DME-621085
033-0030,leave infront of door,DMF-158904
399-5860,leave infront of door,DNZ-985662
228-3742,delivery box,DOD-041644
543-7121,leave infront of door,DOD-895933
540-2154,leave infront of door,DOI-439260
024-4295,ring bell,DQN-479780
615-7347,delivery box,DRG-933879
047-6987,leave infront of door,DSG-724870
677-8729,ring bell,DTI-123880
441-4417,ring bell,DTI-305230
492-0938,leave infront of door,DUE-063775
720-0619,delivery box,DUF-738458
107-7116,delivery box,DUV-153258
025-3448,leave infront of door,DUZ-541760
910-0435,delivery box,DVP-234182
321-1948,delivery box,DWI-435992
897-4466,leave infront of door,DXV-241713
864-5180,delivery box,DYA-799205
875-1246,delivery box,DZI-753816
310-6779,leave infront of door,DZN-164981
384-0801,delivery box,DZX-685355
320-6780,delivery box,EAR-571864
375-2903,leave infront of door,EAS-774344
934-1473,delivery box,EBI-484777
885-4484,leave infront of door,EBM-684798
425-1949,ring bell,EBR-928685
622-1907,delivery box,ECI-629770
695-7799,delivery box,EEZ-729587
782-2815,delivery box,EFR-431233
658-8691,leave infront of door,EFR-653208
706-1911,delivery box,EGX-032913
470-7248,ring bell,EHD-784624
908-3440,delivery box,EJX-114978
273-5946,delivery box,EKY-046554
940-0362,leave infront of door,ELJ-949146
126-6995,leave infront of door,ELU-674530
353-8535,delivery box,ELY-936631
642-4830,delivery box,EMA-718948
579-2501,leave infront of door,EMQ-466491
196-3050,ring bell,ENN-789710
234-2955,delivery box,ENY-745109
011-5315,ring bell,EOJ-993108
919-3941,leave infront of door,EOL-739414
386-0660,leave infront of door,EOO-215153
441-0822,delivery box,EPM-175290
579-4683,delivery box,EPZ-173549
550-6983,ring bell,ERG-845937
091-9152,ring bell,ESH-496811
680-4673,ring bell,ETN-161207
342-7529,delivery box,ETW-811017
610-9028,ring bell,ETY-595383
638-2804,delivery box,EUC-513176
095-8097,leave infront of door,EUE-109230
951-3939,leave infront of door,EUI-318248
432-8807,delivery box,EUP-790861
106-1673,leave infront of door,EWC-484179
494-2036,ring bell,EWS-691040
433-9347,delivery box,EXB-769303
148-8497,ring bell,EXJ-550371
990-0097,ring bell,EYM-337922
782-5716,delivery box,EYM-781939
348-7205,delivery box,EYO-551995
003-9415,leave infront of door,EYP-234632
105-8809,leave infront of door,EYU-271246
772-6230,ring bell,EZB-570773
713-4005,leave infront of door,EZE-384433
552-2167,leave infront of door,EZG-923570
150-4825,leave infront of door,FBO-637431
413-2794,ring bell,FCU-938968
354-8547,leave infront of door,FDP-672192
670-7327,delivery box,FEU-455549
337-8434,delivery box,FFH-648128
122-9995,delivery box,FFR-057653
837-9002,delivery box,FHS-611018
686-0328,ring bell,FIT-807093
552-2229,ring bell,FJN-320073
391-9097,delivery box,FJP-456482
835-6287,ring bell,FKC-624357
504-4485,ring bell,FKP-479346
690-2066,ring bell,FLC-682191
389-3527,ring bell,FLJ-233905
230-6296,ring bell,FMW-563149
740-5492,delivery box,FNL-616331
093-8513,ring bell,FNW-232589
206-1672,ring bell,FOY-022353
525-3920,ring bell,FPI-288137
357-6469,leave infront of door,FPK-371530
089-6361,delivery box,FQM-392032
501-5163,ring bell,FQP-531238
884-2258,ring bell,FRP-417973
824-3386,ring bell,FRW-162866
771-3143,leave infront of door,FSS-905992
943-4452,delivery box,FTG-150523
382-3098,delivery box,FUB-280275
900-9194,leave infront of door,FUL-655577
132-6049,leave infront of door,FUN-625583
411-8358,leave infront of door,FUZ-631716
087-8679,leave infront of door,FVB-481743
593-2149,delivery box,FVM-526944
060-4681,leave infront of door,FWV-816723
670-9709,leave infront of door,FXN-338148
820-5093,leave infront of door,FYA-644227
902-6803,delivery box,FYC-588210
203-4808,leave infront of door,FZP-345290
502-0188,leave infront of door,GAH-022856
556-5679,leave infront of door,GAX-212862
879-6263,delivery box,GBQ-540026
195-0697,delivery box,GBV-501550
901-4291,leave infront of door,GCI-818964
657-2062,leave infront of door,GCV-694299
925-5522,leave infront of door,GDA-393038
924-3960,ring bell,GEK-330924
907-2185,delivery box,GEP-276863
863-2256,delivery box,GEX-671044
924-6765,leave infront of door,GFZ-199524
889-4164,delivery box,GGF-120749
943-0164,delivery box,GHC-713618
984-7082,ring bell,GHD-688997
529-0236,ring bell,GHE-490824
763-0542,delivery box,GHM-051887
421-0078,ring bell,GIO-999528
616-6139,leave infront of door,GIS-911136
395-4232,ring bell,GIW-945491
454-2329,delivery box,GIX-024715
627-7235,leave infront of door,GKV-379980
659-0725,delivery box,GLB-937626
507-3093,ring bell,GNJ-254230
568-0049,leave infront of door,GNT-729252
816-3587,ring bell,GNU-046202
109-9269,delivery box,GOO-936304
790-6903,ring bell,GPA-852763
181-5148,ring bell,GTV-550976
840-0332,leave infront of door,GTV-774635
960-4692,leave infront of door,GVT-030012
829-8485,leave infront of door,GWC-653161
678-3018,ring bell,GXN-380645
537-3390,ring bell,GXO-916940
949-9435,leave infront of door,GZB-482209
845-5109,leave infront of door,GZJ-045873
919-1477,delivery box,GZQ-768520
639-8793,ring bell,HAD-407019
495-5636,delivery box,HAY-997093
927-1119,delivery box,HAZ-413755
655-0918,leave infront of door,HBL-939815
822-1594,delivery box,HBS-767043
887-3083,leave infront of door,HCL-509110
254-8318,delivery box,HDK-531398
294-4999,delivery box,HEJ-954553
489-3029,delivery box,HFK-635933
564-3621,leave infront of door,HGD-993597
151-6142,ring bell,HHB-758631
224-0260,delivery box,HHH-962353
987-1160,delivery box,HHS-758795
837-6603,delivery box,HJM-232600
905-4962,delivery box,HKH-714224
459-9612,leave infront of door,HKR-159995
240-9574,leave infront of door,HLD-864960
426-2100,delivery box,HLG-207968
730-2147,ring bell,HLY-890046
847-5922,delivery box,HML-729984
123-7153,delivery box,HNV-621950
600-5049,ring bell,HNX-226086
894-7180,leave infront of door,HPA-971297
143-1853,ring bell,HPB-371939
764-0431,ring bell,HQI-967916
643-6484,delivery box,HSZ-329520
830-3435,ring bell,HVB-561036
743-7634,ring bell,HVB-662099
894-0706,ring bell,HVR-877945
062-4764,ring bell,HWH-089638
949-5233,ring bell,HWK-604904
613-8781,leave infront of door,HWT-645916
876-6937,leave infront of door,HXA-750684
895-0427,leave infront of door,HXB-279185
208-0452,leave infront of door,HXZ-183623
111-5910,leave infront of door,HYF-272899
144-3048,ring bell,HZB-643940
670-8593,leave infront of door,IAW-344713
403-1970,delivery box,IBE-254585
711-6616,delivery box,IBJ-936605
766-4614,delivery box,IBR-903537
624-8826,leave infront of door,IBT-744511
351-9149,delivery box,IDB-883858
581-8666,delivery box,IDH-293163
654-1497,ring bell,IDY-986078
657-6378,leave infront of door,IEA-611145
669-2511,ring bell,IET-001892
965-2078,delivery box,IGY-075795
705-6860,leave infront of door,IHD-646711
325-2091,leave infront of door,IHJ-839683
490-0143,leave infront of door,IHQ-442297
744-6450,ring bell,III-459939
745-7301,delivery box,IIQ-504725
427-3046,ring bell,IIV-019979
266-8912,delivery box,IJE-041378
829-1786,leave infront of door,IKE-933828
590-2985,delivery box,ILV-164549
402-9020,delivery box,IND-756220
786-5682,leave infront of door,IOG-803646
494-9525,delivery box,IQJ-060095
028-2616,leave infront of door,IRU-931921
514-5864,delivery box,IUX-588530
765-9860,delivery box,IUX-881504
682-3969,delivery box,IVM-858422
399-4305,delivery box,IWD-207841
855-8049,leave infront of door,IWV-900820
793-7330,ring bell,IXI-735992
658-1217,ring bell,IXX-310725
273-6930,leave infront of door,IYY-569045
645-1116,ring bell,IZF-257974
300-3443,leave infront of door,JCB-303374
898-8404,delivery box,JCH-246189
256-1122,ring bell,JCN-539031
211-8493,ring bell,JDI-480665
595-6186,leave infront of door,JFR-619201
450-1670,leave infront of door,JGT-499978
555-9184,ring bell,JHE-382199
259-5674,ring bell,JHF-969302
022-0246,leave infront of door,JHL-774493
210-1097,ring bell,JHN-190516
299-8186,ring bell,JLP-058657
684-4711,ring bell,JMD-206956
841-5435,leave infront of door,JNM-945783
985-2915,ring bell,JNU-552791
921-8399,ring bell,JNU-557006
341-7261,leave infront of door,JOG-271571
699-4702,leave infront of door,JOK-648983
746-6214,delivery box,JOK-897094
048-0952,delivery box,JPN-555046
705-6835,delivery box,JQZ-702473
473-1047,leave infront of door,JRQ-445356
574-2081,leave infront of door,JRS-603389
335-9210,leave infront of door,JSC-687816
855-2565,leave infront of door,JSD-953688
788-1922,ring bell,JSO-117212
065-5836,leave infront of door,JUY-648409
929-9740,delivery box,JVU-340674
631-5553,ring bell,JXD-094886
542-6561,leave infront of door,JXM-797335
487-9537,ring bell,JYI-838279
367-6846,ring bell,JZC-811960
812-5021,ring bell,JZG-507228
061-8764,leave infront of door,KAP-235343
506-8419,delivery box,KBV-417463
535-9855,leave infront of door,KCH-954982
339-5729,leave infront of door,KCL-038776
375-7973,delivery box,KCN-755840
364-6370,ring bell,KEJ-972435
703-2553,leave infront of door,KFD-356801
729-7671,leave infront of door,KFK-447224
294-1426,ring bell,KFM-859113
912-5594,leave infront of door,KGG-803141
522-1476,delivery box,KGQ-566901
603-9412,ring bell,KHI-946784
589-4424,leave infront of door,KIL-668038
396-5639,leave infront of door,KJA-407940
063-5912,delivery box,KJE-803678
458-9708,ring bell,KJN-565158
629-2353,leave infront of door,KKN-618073
627-7018,ring bell,KLJ-296303
604-0846,leave infront of door,KMB-386303
476-0703,leave infront of door,KMN-872294
368-2950,ring bell,KNE-627838
463-5292,leave infront of door,KNP-931409
775-7388,ring bell,KNW-589187
661-4541,leave infront of door,KNY-105080
360-5813,leave infront of door,KOD-250927
467-9764,leave infront of door,KOK-267873
732-7612,leave infront of door,KOV-381497
444-0863,delivery box,KPS-079700
059-9864,delivery box,KQA-758626
429-0997,ring bell,KQC-993685
098-6114,ring bell,KRL-142821
912-4668,delivery box,KSH-936166
134-9189,ring bell,KTQ-758467
627-5228,ring bell,KUC-815496
965-1872,delivery box,KUF-847112
500-7841,leave infront of door,KUK-791009
046-8818,delivery box,KUP-511899
587-8400,leave infront of door,KVR-403889
720-3655,ring bell,KWJ-817637
776-0899,leave infront of door,KXD-998169
888-9361,leave infront of door,KYG-320709
934-1123,leave infront of door,KYK-109989
203-4582,ring bell,KZG-784383
477-7370,delivery box,KZI-493272
291-6656,delivery box,LAN-477575
760-3774,ring bell,LBN-912121
825-6939,delivery box,LCK-746676
644-7133,leave infront of door,LCT-470975
084-4120,delivery box,LCX-708985
351-6890,leave infront of door,LDH-150766
456-1812,leave infront of door,LDH-916099
323-7602,delivery box,LDK-655644
028-6470,ring bell,LEB-075252
126-1653,delivery box,LEK-075239
678-8567,ring bell,LGF-979389
714-6518,delivery box,LGS-825418
289-4572,delivery box,LGZ-339801
364-5354,ring bell,LGZ-623806
472-6490,leave infront of door,LHS-423235
986-1246,delivery box,LHV-314928
136-2027,leave infront of door,LIW-613684
750-1114,ring bell,LJI-683286
199-1018,ring bell,LJM-912474
447-0685,ring bell,LKD-403627
048-9134,delivery box,LLC-023216
539-1475,delivery box,LMN-749508
381-0303,delivery box,LMY-850908
454-7257,ring bell,LPC-592440
054-0497,leave infront of door,LPM-977062
246-3227,ring bell,LPT-512781
136-5728,leave infront of door,LQA-522230
308-4410,delivery box,LQP-758294
447-3156,leave infront of door,LQT-005333
354-7473,ring bell,LRD-049795
858-7930,delivery box,LSC-326400
333-4304,delivery box,LSE-482406
885-9694,delivery box,LTM-193161
185-1849,leave infront of door,LTS-311457
658-2664,leave infront of door,LUF-158012
667-0664,delivery box,LUN-970226
456-9831,ring bell,LWW-083578
803-6285,ring bell,LXZ-702350
653-1579,ring bell,LZA-008122
474-4376,ring bell,MCM-467559
715-5776,ring bell,MDY-515998
080-4844,leave infront of door,MDZ-362732
062-7264,ring bell,MES-565027
856-6018,delivery box,MET-294417
966-8068,ring bell,MFI-544135
585-4554,delivery box,MFR-778536
149-7087,ring bell,MGF-143016
511-5422,ring bell,MGJ-187839
970-3900,ring bell,MGJ-393217
241-9611,leave infront of door,MGZ-024761
786-8364,leave infront of door,MHG-181819
824-4780,leave infront of door,MHT-077059
561-1602,delivery box,MIP-279037
234-5725,delivery box,MJF-356140
125-7755,leave infront of door,MLL-893142
985-3471,leave infront of door,MLN-623768
904-8092,delivery box,MMA-362439
160-5243,delivery box,MND-815338
133-7684,delivery box,MOC-450422
121-8903,delivery box,MOC-535216
248-8793,delivery box,MOR-384739
770-7769,ring bell,MPH-214454
810-3614,leave infront of door,MTT-460907
341-9691,ring bell,MTZ-807549
324-9354,delivery box,MUQ-713530
631-1410,ring bell,MUX-197184
688-3725,ring bell,MWN-845535
302-5345,delivery box,MXB-280767
704-7672,ring bell,MXI-846255
911-5828,leave infront of door,MZL-062328
797-3083,delivery box,NBY-269126
293-6671,delivery box,NCD-388222
306-9501,ring bell,NCJ-372359
311-8691,delivery box,NCJ-660995
024-8500,delivery box,NDE-597662
993-9143,ring bell,NDH-842824
650-1752,ring bell,NDJ-283528
496-6470,delivery box,NDM-468372
729-3640,delivery box,NDU-634942
673-5710,leave infront of door,NES-381151
814-7155,ring bell,NEV-413430
366-8482,leave infront of door,NFH-783490
904-5411,delivery box,NFJ-530249
757-3866,delivery box,NFQ-005483
489-0464,ring bell,NFW-321279
533-4695,delivery box,NHF-934905
289-4851,ring bell,NHQ-135343
014-1601,leave infront of door,NHX-019554
601-0570,delivery box,NHZ-989928
907-2076,leave infront of door,NIF-133989
127-2309,leave infront of door,NJB-471080
122-8556,delivery box,NJP-058278
145-9696,ring bell,NJR-368225
668-6725,ring bell,NLL-457713
930-3472,leave infront of door,NLP-874553
120-5293,ring bell,NNM-676384
785-3960,ring bell,NNN-176834
748-4147,leave infront of door,NOE-160665
852-8276,leave infront of door,NOS-310904
976-8613,delivery box,NOW-197349
033-8930,delivery box,NPU-842468
230-2727,ring bell,NRS-425600
898-1698,leave infront of door,NRX-965378
656-6265,leave infront of door,NSH-861830
099-4329,leave infront of door,NUP-467163
703-0779,delivery box,NXM-661206
422-8791,ring bell,NYL-531092
895-2371,delivery box,NZV-991754
173-3772,leave infront of door,NZX-069731
529-7832,leave infront of door,OAC-572197
413-6177,delivery box,OAH-008479
033-0686,delivery box,OAL-288081
270-8270,ring bell,OBD-792670
995-1760,ring bell,OBI-305929
508-8216,ring bell,OCE-829507
252-5929,ring bell,ODE-198481
066-5447,leave infront of door,ODX-436705
340-1214,leave infront of door,OEI-142471
637-5631,leave infront of door,OFR-032768
364-0574,delivery box,OGB-016795
876-9888,ring bell,OGB-264069
049-4971,leave infront of door,OGQ-588432
908-9855,delivery box,OIA-080198
220-9505,ring bell,OLE-518691
078-4896,leave infront of door,OLK-958031
150-8164,ring bell,OLY-545944
930-1295,ring bell,ONW-179666
457-3854,leave infront of door,OOD-642552
691-2891,leave infront of door,OQA-640677
042-0486,delivery box,OQI-722839
902-1101,ring bell,OQN-800405
282-9843,delivery box,ORH-601482
146-3054,ring bell,OSL-870388
452-6568,ring bell,OSR-053370
618-9628,delivery box,OSV-526245
205-9917,delivery box,OTN-612211
807-8524,ring bell,OUG-738648
059-3773,delivery box,OUH-167141
098-6651,delivery box,OUO-834966
270-1601,ring bell,OUZ-848632
958-3846,leave infront of door,OVD-467549
096-2826,delivery box,OVO-519944
059-1462,ring bell,OWJ-084219
955-5203,leave infront of door,OWN-685737
905-3373,delivery box,OXG-870462
845-1400,ring bell,OXU-544839
687-2898,delivery box,OZI-617323
645-1999,leave infront of door,PBC-055763
451-9077,ring bell,PBX-602794
349-7802,leave infront of door,PBY-481659
722-6310,ring bell,PCA-375729
020-2160,delivery box,PCM-383027
539-0917,delivery box,PCR-032146
968-5644,ring bell,PCU-750340
320-6208,ring bell,PED-212064
027-1131,ring bell,PEG-814661
600-8442,delivery box,PEL-100488
494-8491,leave infront of door,PFK-881274
821-8664,ring bell,PGH-309881
984-6261,ring bell,PGL-068479
882-1859,leave infront of door,PHU-825675
371-9658,delivery box,PHW-441760
387-5537,ring bell,PIL-223915
157-5316,leave infront of door,PJL-276169
124-3558,leave infront of door,PJV-502688
175-9473,delivery box,PKJ-837292
398-5779,leave infront of door,PKR-828493
391-1938,leave infront of door,PKZ-605878
209-4676,delivery box,PLY-783193
176-2854,ring bell,PNA-055312
103-7876,delivery box,PNC-850982
965-5356,ring bell,PNJ-273646
909-7434,leave infront of door,POB-290605
663-3805,delivery box,POJ-544931
348-9059,leave infront of door,PQS-351657
555-9319,ring bell,PQS-682252
307-5571,delivery box,PRH-459767
521-3947,leave infront of door,PRM-215355
130-9817,ring bell,PRX-307187
527-9889,leave infront of door,PSW-774584
743-7667,delivery box,PTA-689727
375-6815,leave infront of door,PUQ-828478
917-5083,leave infront of door,PXD-678955
737-3540,delivery box,PXO-960997
620-2063,delivery box,PYD-573688
673-9383,leave infront of door,PYW-273810
375-9927,leave infront of door,PZK-074046
736-7988,leave infront of door,PZN-877594
953-6229,leave infront of door,PZO-664386
825-1220,delivery box,PZS-741186
441-1657,delivery box,PZW-645521
758-9289,delivery box,QBM-421720
602-1740,leave infront of door,QBP-922725
917-4061,delivery box,QCA-000368
066-4823,ring bell,QCC-938116
337-6958,ring bell,QDT-228954
211-1330,leave infront of door,QER-041979
292-2045,delivery box,QFG-444258
205-3303,delivery box,QHA-334069
934-9592,delivery box,QHK-587528
587-5435,leave infront of door,QHP-475715
463-7628,delivery box,QHZ-860234
324-7246,delivery box,QKG-498924
554-6554,delivery box,QLN-760210
318-1270,leave infront of door,QLZ-783913
751-4517,delivery box,QNS-942461
670-9902,leave infront of door,QNV-522100
170-9806,leave infront of door,QNX-087173
310-1760,ring bell,QOG-427778
866-7770,delivery box,QQY-905312
823-5929,delivery box,QRA-371815
910-8060,leave infront of door,QSH-836089
970-2736,leave infront of door,QSV-428171
984-1176,leave infront of door,QTC-750585
962-6724,leave infront of door,QUK-011844
053-5063,delivery box,QUO-529596
985-2785,ring bell,QVS-491564
908-4534,ring bell,QVX-832230
666-8235,delivery box,QWA-940561
077-1944,leave infront of door,QWF-778018
251-3274,leave infront of door,QWV-100178
626-4170,delivery box,QWX-565601
984-3712,ring bell,QXQ-807488
649-7502,ring bell,QXX-640270
604-4200,leave infront of door,QYG-678338
034-3359,delivery box,QYL-155577
689-6914,delivery box,QYO-296593
762-9600,ring bell,RAE-995760
068-0523,delivery box,RAJ-889581
837-0117,leave infront of door,RAM-639336
343-8394,delivery box,RBE-500198
133-1655,ring bell,RBQ-921774
725-2632,delivery box,REA-420764
523-1622,leave infront of door,REV-258994
899-9686,leave infront of door,REY-654180
830-6327,delivery box,RFC-316765
983-5552,ring bell,RFU-979179
197-5942,leave infront of door,RGI-644901
534-0539,leave infront of door,RHX-277083
990-6017,ring bell,RIJ-827081
182-6754,ring bell,RIN-571312
211-2645,leave infront of door,RJA-818747
462-3489,delivery box,RLD-189371
312-4758,leave infront of door,RLP-107107
497-8194,delivery box,RLT-923190
745-3655,ring bell,RMF-150537
284-5154,delivery box,RMP-855482
336-8261,delivery box,RMY-948658
524-8220,delivery box,RNA-358191
995-2690,delivery box,RNN-548824
019-0093,ring bell,ROJ-416824
422-8910,leave infront of door,RPS-269444
991-4799,delivery box,RRT-872833
798-2231,delivery box,RTO-465718
985-3783,leave infront of door,RUK-836786
311-9465,leave infront of door,RUL-683242
296-1804,ring bell,RUX-388852
892-7364,ring bell,RVK-888289
201-0561,ring bell,RVP-789273
084-1454,ring bell,RWB-797677
596-4395,delivery box,RWZ-443315
011-9848,ring bell,RXA-128535
289-2053,ring bell,RXZ-218418
577-0444,delivery box,RYF-709225
585-7375,ring bell,SAI-573304
225-9507,leave infront of door,SCR-847332
088-0497,delivery box,SCY-607266
564-5181,delivery box,SDG-922565
275-0849,ring bell,SDO-271557
960-1966,leave infront of door,SEY-823182
759-1868,ring bell,SFD-199677
902-6957,ring bell,SFI-965714
223-5649,leave infront of door,SFL-027824
272-2904,delivery box,SFW-114073
553-9119,delivery box,SGG-068889
291-3163,ring bell,SGK-170452
143-5841,delivery box,SGO-804516
900-0767,delivery box,SGT-335291
696-6018,ring bell,SGY-161822
683-4389,delivery box,SHH-945891
902-4256,delivery box,SHR-463523
888-0445,leave infront of door,SHX-170706
056-2897,leave infront of door,SII-374001
069-9586,delivery box,SIZ-926836
097-6373,delivery box,SJE-685675
130-9306,leave infront of door,SJY-993023
072-0064,leave infront of door,SKA-489355
373-9650,leave infront of door,SKX-778015
681-1989,ring bell,SKZ-386472
596-4942,ring bell,SMP-271058
765-8141,leave infront of door,SMU-223445
142-4818,ring bell,SMV-581514
178-5713,leave infront of door,SNS-346174
215-9881,ring bell,SOG-566205
490-1035,delivery box,SQA-815848
774-6623,delivery box,SQB-750657
195-2950,ring bell,SSX-247684
548-5695,ring bell,STH-483623
296-7539,delivery box,STI-861481
760-3559,leave infront of door,STY-743553
030-6376,ring bell,SUH-767864
598-6556,ring bell,SWE-094302
487-0765,delivery box,SXQ-314903
147-4766,delivery box,SYF-256215
673-5816,leave infront of door,SZX-303096
148-2544,ring bell,TAY-532387
372-1051,ring bell,TBE-258248
028-8638,delivery box,TBO-663785
520-3886,leave infront of door,TDB-512142
249-0156,ring bell,TDG-888609
094-7941,ring bell,TDI-132813
301-4013,delivery box,TFD-803811
882-7245,leave infront of door,TGQ-380347
930-9704,delivery box,TGU-380065
080-6799,ring bell,TGZ-890759
098-3566,ring bell,THD-916069
275-1631,leave infront of door,THY-734318
628-5015,delivery box,TIL-435638
995-3898,leave infront of door,TJG-576225
917-5080,delivery box,TJM-229481
941-0198,ring bell,TKA-670450
272-4905,delivery box,TKW-157586
299-7101,delivery box,TLR-088027
747-4441,delivery box,TLZ-151497
201-5177,ring bell,TLZ-917917
347-8281,leave infront of door,TOG-383942
475-6123,ring bell,TOH-750088
049-4428,delivery box,TOH-991582
841-0438,delivery box,TOZ-957383
626-3236,leave infront of door,TPH-424017
235-3428,delivery box,TRQ-712195
811-2080,ring bell,TSJ-732380
878-5051,delivery box,TSU-602165
959-2777,delivery box,TUT-500984
048-7258,delivery box,TVA-486841
547-6774,ring bell,TVD-844218
121-6947,leave infront of door,TVE-811097
850-5381,ring bell,TWA-702821
332-1935,ring bell,TWS-493261
824-5977,leave infront of door,TWY-879433
916-4139,ring bell,TXU-358191
237-2887,delivery box,TXX-759604
913-1911,delivery box,TYC-761599
299-2694,delivery box,TYN-525156
231-1979,leave infront of door,UAK-990112
107-6284,delivery box,UBH-978099
767-4871,ring bell,UBO-636303
326-1553,delivery box,UBV-592483
767-9088,leave infront of door,UCO-391621
435-2910,ring bell,UDA-108249
324-2612,delivery box,UDU-506663
394-3049,leave infront of door,UEH-519135
131-2777,leave infront of door,UEO-996812
820-7940,ring bell,UEY-629397
366-6136,ring bell,UFR-130207
945-1514,ring bell,UGD-219661
183-2575,leave infront of door,UGH-433128
748-1831,delivery box,UGX-615993
316-9050,ring bell,UIQ-457262
618-6542,delivery box,UJQ-945166
000-8963,leave infront of door,UKN-865673
778-2916,ring bell,ULO-939758
364-8829,ring bell,UNM-955352
816-1277,leave infront of door,UOY-865765
604-4035,ring bell,UOZ-008547
553-7510,leave infront of door,UPZ-817823
404-3943,leave infront of door,UQX-519583
694-8206,leave infront of door,URC-242517
431-3361,delivery box,URN-239676
998-1464,delivery box,URW-768661
760-0694,leave infront of door,USW-832041
794-7570,leave infront of door,UUN-618624
839-4740,delivery box,UWC-106650
858-1178,ring bell,UWL-815343
335-4234,leave infront of door,UWV-704257
259-3220,ring bell,UWY-893551
283-5867,delivery box,UXD-246441
877-5542,delivery box,UXE-483841
830-5608,ring bell,UXF-637824
009-6173,delivery box,UXI-022515
724-3509,ring bell,UXO-202890
316-8953,leave infront of door,UXR-888156
590-1104,delivery box,UYT-266005
861-7531,leave infront of door,UZE-017227
519-8344,ring bell,VBQ-493117
685-5716,leave infront of door,VBR-447600
471-1418,leave infront of door,VDG-118470
775-5501,leave infront of door,VFA-122286
446-1639,delivery box,VFA-326742
424-3415,ring bell,VFL-620822
915-4204,delivery box,VFO-645779
571-2915,delivery box,VFT-065012
616-0762,leave infront of door,VGA-222234
375-5959,delivery box,VGI-806864
278-6297,delivery box,VHE-416819
723-1116,delivery box,VHF-732072
459-4330,leave infront of door,VHF-781678
027-8456,delivery box,VHG-656051
923-4548,ring bell,VHW-846842
152-0738,ring bell,VJU-796930
430-3441,leave infront of door,VKP-241299
952-7586,delivery box,VKP-496299
947-2098,ring bell,VLY-384119
628-6161,delivery box,VMS-478374
596-1009,ring bell,VNL-065642
477-5379,leave infront of door,VON-907718
769-6723,ring bell,VOO-529760
576-2065,ring bell,VQB-610499
382-7415,ring bell,VQM-863701
983-1922,leave infront of door,VRT-256772
307-0436,leave infront of door,VSE-913432
335-2043,ring bell,VSN-236147
538-9731,delivery box,VSP-681031
693-3133,ring bell,VSY-664194
526-6284,ring bell,VTB-943099
678-2244,delivery box,VTL-235368
150-0222,ring bell,VUG-462015
601-3466,leave infront of door,VUL-517605
339-6496,leave infront of door,VVK-862320
163-4464,ring bell,VVN-772808
502-8218,delivery box,VVX-824062
555-5802,ring bell,VXE-427132
076-0697,ring bell,VXM-237176
483-7431,delivery box,VYA-568217
047-1436,leave infront of door,VYN-891422
848-4088,leave infront of door,VYR-851249
141-7597,leave infront of door,VZS-957323
565-0584,leave infront of door,WAC-599234
600-9783,leave infront of door,WBN-197815
070-4714,ring bell,WCW-706861
341-1257,ring bell,WDD-018153
938-1011,ring bell,WDD-176260
467-4527,leave infront of door,WDD-451993
072-6228,ring bell,WDE-448863
226-2884,delivery box,WDV-887799
288-8343,leave infront of door,WED-601647
549-6876,delivery box,WFR-012702
223-5198,delivery box,WFV-959349
065-8109,delivery box,WHG-375713
776-6965,leave infront of door,WHI-542872
594-2917,delivery box,WIR-589141
589-5689,leave infront of door,WIV-500982
893-1516,ring bell,WJD-314780
681-8582,leave infront of door,WJO-070604
634-5431,delivery box,WLM-083065
574-7634,delivery box,WMA-480722
934-6932,leave infront of door,WNQ-496965
582-0888,leave infront of door,WNY-418252
601-9914,delivery box,WQK-545887
553-2380,delivery box,WQS-076516
964-5342,delivery box,WQV-661064
067-1757,leave infront of door,WRN-781190
195-9785,delivery box,WRQ-001935
238-8677,ring bell,WRR-590552
465-6448,ring bell,WSR-717038
706-7048,delivery box,WSU-298412
760-0992,leave infront of door,WTA-146308
604-5231,delivery box,WTR-007913
752-6873,leave infront of door,WTS-576149
641-8565,delivery box,WTV-791477
950-9966,delivery box,WVM-302381
057-7131,leave infront of door,WWB-726945
720-3966,leave infront of door,WWE-866579
534-9400,leave infront of door,WWG-683266
259-2455,delivery box,WWO-276310
539-2615,delivery box,WWY-010360
474-0285,delivery box,WYQ-587157
964-1409,delivery box,WYX-857320
819-0092,ring bell,WZG-699176
944-5134,ring bell,XAA-903411
314-7536,delivery box,XAE-102828
326-0119,delivery box,XAV-376763
120-8731,ring bell,XCH-260807
007-0296,leave infront of door,XCX-930363
717-6570,ring bell,XDA-499447
306-4622,delivery box,XDR-213863
933-7687,ring bell,XEJ-219502
829-8200,leave infront of door,XEM-599971
264-3626,delivery box,XEM-977722
985-5149,delivery box,XFK-465296
367-2567,delivery box,XFL-875345
575-6682,delivery box,XFS-659825
648-4944,delivery box,XFW-259997
419-3729,delivery box,XGR-596224
963-4628,ring bell,XGV-978328
239-0639,leave infront of door,XGX-052332
363-5576,delivery box,XHU-389657
685-4816,ring bell,XIJ-053216
607-9129,leave infront of door,XIL-529483
143-2869,delivery box,XIX-642124
102-6072,ring bell,XKL-068241
546-9479,delivery box,XKV-603116
181-7307,ring bell,XLB-855931
084-8853,leave infront of door,XLE-400929
517-4446,leave infront of door,XLY-930976
439-7702,leave infront of door,XOE-925260
027-0387,leave infront of door,XOU-141121
415-4855,leave infront of door,XPC-364186
125-2724,ring bell,XPG-342411
148-9636,delivery box,XPS-527153
317-0470,leave infront of door,XQC-630483
216-8840,delivery box,XQG-106530
256-3558,ring bell,XRJ-127906
734-0979,ring bell,XRY-558007
111-8689,leave infront of door,XRZ-476892
334-7499,leave infront of door,XSP-021185
629-7461,leave infront of door,XTH-176881
973-5954,delivery box,XTH-630623
069-7624,delivery box,XTK-116593
137-7001,ring bell,XTM-356319
425-6287,delivery box,XTM-849455
422-1758,ring bell,XUD-713939
884-7209,leave infront of door,XVX-325645
555-5087,ring bell,XWB-780920
959-7352,ring bell,XWH-568549
989-4143,ring bell,XWN-045767
747-7885,delivery box,XWW-634817
773-4028,delivery box,XXO-548378
974-2004,leave infront of door,XXP-694184
848-3083,leave infront of door,XXY-039671
239-2972,leave infront of door,XYD-501962
504-3266,delivery box,XYL-089882
706-5894,ring bell,XZR-964096
851-5562,ring bell,YBC-101991
032-0753,delivery box,YCI-769293
721-6787,ring bell,YCO-915762
368-0436,delivery box,YCQ-463366
122-8932,leave infront of door,YER-091870
429-5907,delivery box,YFL-541987
004-5023,ring bell,YFO-652938
799-9869,leave infront of door,YGB-710510
429-0524,delivery box,YHF-174628
607-1172,leave infront of door,YHF-982262
582-7301,delivery box,YHO-171691
297-5894,ring bell,YKD-476603
338-2014,ring bell,YKJ-535423
269-0687,ring bell,YLQ-336533
105-1579,delivery box,YOL-606239
790-5047,delivery box,YPF-460991
152-5766,leave infront of door,YPT-270177
677-4160,leave infront of door,YQW-859185
347-4704,ring bell,YRH-975640
139-1409,leave infront of door,YRK-003985
135-5529,delivery box,YRP-581227
617-1192,leave infront of door,YRS-371629
601-2720,ring bell,YRW-144635
047-5156,delivery box,YSG-173821
987-2392,delivery box,YSN-935281
243-2354,ring bell,YSV-090205
373-6599,leave infront of door,YTV-538557
460-7157,ring bell,YVA-755384
496-9973,delivery box,YVL-410359
643-6112,delivery box,YYJ-384702
012-8202,leave infront of door,YYN-168404
841-9099,leave infront of door,YYW-103683
848-1827,leave infront of door,YZD-222693
612-1212,leave infront of door,YZT-429441
755-6962,ring bell,ZDL-319995
942-8422,leave infront of door,ZEY-316770
420-5510,ring bell,ZFG-852573
178-3159,delivery box,ZFR-590613
246-1981,ring bell,ZGL-402470
402-1739,delivery box,ZGL-507840
224-0314,leave infront of door,ZHR-155954
973-1753,leave infront of door,ZIQ-881686
719-9055,ring bell,ZIV-990645
213-4010,delivery box,ZJI-463079
793-1695,leave infront of door,ZKK-621990
858-3991,leave infront of door,ZKX-207120
501-8168,delivery box,ZLC-040571
986-6050,leave infront of door,ZLC-465651
324-6010,ring bell,ZLI-031219
434-5873,ring bell,ZNE-291930
527-2235,ring bell,ZOA-726190
424-7556,delivery box,ZOD-460303
341-6675,delivery box,ZOH-880763
562-4621,leave infront of door,ZOJ-233798
666-6868,ring bell,ZOJ-272868
607-7187,ring bell,ZPR-496885
453-0067,leave infront of door,ZPX-217044
165-5099,leave infront of door,ZSF-635796
188-0985,leave infront of door,ZSQ-689091
525-4401,delivery box,ZTF-052361
522-4641,ring bell,ZVA-397586
281-3728,delivery box,ZWO-450386
177-3689,delivery box,ZYA-370498
655-0277,leave infront of door,ZYR-713925
010-5520,ring bell,ZYX-588610
362-7379,ring bell,ZYY-392775
045-1319,leave infront of door,ZZA-865428
683-7557,delivery box,ZZE-133846
732-0478,ring bell,ZZT-232655
602-0445,leave infront of door,ZZV-383010